Risk #,Category,Risk Description,Probability,Impact,Risk Level,Response Strategy,Response Actions with Metrics,Responsible Entity,Status & Review Comments
1,Ethical,Algorithmic Bias in Credit Scoring - Training data may reflect historical discrimination leading to digital redlining (e.g. minority applicants unfairly denied mortgage loans). Biased outcomes could disproportionately impact protected classes in loan approvals.,H,VH,Critical,"Implement fairness-aware machine learning techniques and regular bias audits to identify and reduce discriminatory patterns in model outcomes. Retrain the model using diverse and representative datasets to minimize digital redlining risks.","1. Conduct quarterly fairness audits using demographic parity analysis - METRIC: Demographic parity ratio ≥0.80 across all protected classes (race, gender, age)
2. Apply bias-mitigation algorithms (e.g., reweighting, adversarial debiasing) and ensure training dataset diversity - METRIC: Training data includes ≥30% minority applicants; Adverse impact ratio ≥80% (4/5ths rule)
3. Review findings with AI Ethics Council - METRIC: Fairness gap between majority/minority approval rates <5%
4. Track audit completion and remediation - METRIC: Quarterly audit completion rate 100%; Critical findings resolved within 45 days",Data Science Team Lead,"Initial fairness audit due Q1 2025. Current baseline: demographic parity ratio 0.72 (below threshold). Action: Retrain model with enhanced minority representation. Target: ≥0.80 by Q2 2025."
2,Legal,Violation of Fair Lending Laws (ECOA FHA) - Automated decisions could result in discriminatory outcomes violating Equal Credit Opportunity Act (ECOA) and Fair Housing Act (FHA). Legal liability and regulatory penalties.,H,VH,Critical,"Integrate human oversight for high-impact lending decisions and perform annual compliance reviews aligned with ECOA and FHA. Engage legal team to ensure all AI decisions meet federal lending standards and CFPB guidance.","1. Integrate human-in-the-loop review for all high-risk loan decisions (>$500K or applicants flagged by fairness algorithm) - METRIC: Human review rate for flagged decisions >95%
2. Legal and compliance teams conduct annual comprehensive audit against ECOA/FHA requirements - METRIC: Zero ECOA/FHA violations annually; Zero regulatory enforcement actions
3. Track regulatory complaints and legal actions - METRIC: Consumer complaints related to discrimination = 0; Regulatory findings resolved within 30 days 100%
4. Maintain documentation for adverse action notices - METRIC: Adverse action notice compliance 100%",Compliance Officer,"Awaiting legal policy update per CFPB guidance on AI in lending. Last ECOA audit: Oct 2024 - no critical findings. Next full compliance review: Annual (Jan 2025)."
3,Data Privacy / Security,Loss or Unauthorized Disclosure of Applicant Data - Sensitive personal and financial data (SSN credit history income bank statements) could be exposed through API vulnerabilities cloud misconfiguration or insider threats.  GLBA and state privacy law violations.,H,VH,Critical,"Apply FIPS 140-2 validated encryption for all PII and financial data at rest and in transit. Enforce strict identity and access management (IAM) with zero-trust architecture. Include data protection clauses in all vendor contracts. Conduct regular penetration testing aligned with NIST SP 800-53 security controls.","1. Implement FIPS 140-2 validated encryption for all applicant data - METRIC: Encryption coverage for PII/financial data 100%; Encryption key rotation every 90 days 100%
2. Enforce vendor NDAs and zero-trust network access controls - METRIC: Vendor security compliance audits 100%; Least-privilege access violations = 0
3. Conduct annual penetration testing and vulnerability assessments - METRIC: Penetration test pass rate >95% (critical/high vulnerabilities remediated); Annual third-party security audit completion 100%
4. Monitor data access and detect anomalies - METRIC: Data breach incidents = 0; Unauthorized access attempts detected and blocked >99%
5. Employee security training - METRIC: Annual security training completion 100%; Phishing simulation pass rate >90%",Cybersecurity Lead,"Last penetration test: Oct 2024 - no critical findings. 2 medium vulnerabilities patched within SLA. Next test: Oct 2025. Current encryption coverage: 100% for production data."
4,Technical / Operational,Model Drift or Performance Degradation - Changes in economic conditions applicant behavior or market dynamics reduce model accuracy over time. Increased false positives/negatives leading to revenue loss or increased defaults.,H,VH,Critical,"Continuously monitor model performance metrics including accuracy precision recall and AUC-ROC. Retrain the algorithm quarterly or when key performance indicators fall below acceptable thresholds. Implement automated alerts for performance degradation.","1. Implement real-time model performance tracking dashboard - METRIC: Model AUC-ROC maintained >0.85; Prediction accuracy >90%; Precision >88%
2. Monitor recall rate for loan defaults - METRIC: Recall (sensitivity) for identifying high-risk applicants >85%; False negative rate <15%
3. Quarterly model retraining using rolling 24-month dataset - METRIC: Quarterly retraining completion 100%; Model validation testing pass rate >95%
4. Automated performance alerts - METRIC: Alert triggered if accuracy drops >3% week-over-week; Degradation incidents investigated within 24 hours 100%
5. A/B testing for model updates - METRIC: New model versions tested on ≥10% sample before full deployment; Champion/challenger win rate tracked",ML Engineer / Data Science,"Retraining schedule approved. Current model performance: AUC 0.87 (above threshold). Last retrain: Oct 2024. Monitoring shows stable performance. Next scheduled retrain: Jan 2025."
5,Transparency / Explainability,Opaque Black Box Model Decisions - Lack of interpretability prevents justification of loan denials violating explainability requirements under ECOA (adverse action notices) and internal governance policies. Applicants cannot understand why they were denied.,H,H,High,"Deploy explainable AI (XAI) tools like SHAP (SHapley Additive exPlanations) or LIME (Local Interpretable Model-agnostic Explanations) to generate understandable decision reasons for each loan recommendation. Provide transparent model documentation and user-friendly explanation summaries for applicants.","1. Adopt and integrate explainable AI framework (SHAP/LIME) into production pipeline - METRIC: XAI reason code generation for all decisions 100%; Model interpretability score (mean absolute SHAP value) >0.7
2. Generate adverse action reason codes compliant with Reg B (ECOA) - METRIC: Reason code generation for all denials 100%; Reason code accuracy validated quarterly >95%
3. Provide applicant-facing transparency reports explaining key factors - METRIC: Transparency report delivery rate 100%; Applicant readability score (Flesch-Kincaid) ≥8th grade level
4. Track and reduce explainability complaints - METRIC: Applicant complaints about unexplained decisions <1% monthly; Complaint resolution within 15 days >90%
5. Document model logic and feature importance - METRIC: Model documentation updated within 30 days of each retrain 100%",Data Science & Compliance,"Pilot explainability module (SHAP) under review. Initial testing shows mean SHAP score 0.73. Legal review of reason code templates in progress. Target production deployment: Q2 2025."
6,Governance,Absence of AI Oversight and Accountability Structure - Lack of clear ownership governance framework or review process leads to unmanaged AI risks. No accountability for model decisions bias or compliance failures.,M,H,Medium,"Establish an AI Ethics and Risk Governance Committee with cross-functional representation to oversee all AI lifecycle activities. Define clear accountability roles and standard operating procedures (SOPs) aligned with NIST AI RMF guidance. Conduct biannual risk reviews.","1. Establish AI Risk Governance Committee with defined charter - METRIC: Committee meetings held biannually 100%; Quorum attendance (≥75% members) >90%
2. Define roles and responsibilities across ethics IT compliance and data science - METRIC: Role assignment documentation for 100% of AI systems; Annual role review and updates 100%
3. Conduct biannual comprehensive risk review aligned with NIST AI RMF functions (Govern Map Measure Manage) - METRIC: NIST AI RMF compliance assessment score >85%; Risk review action items closed within 60 days >90%
4. Implement AI model approval process - METRIC: New models/updates require committee approval 100%; Approval decision documented within 30 days 100%
5. Track governance effectiveness - METRIC: Governance policy violations = 0; Annual governance framework audit completion 100%",CIO / Governance Board,"AI Governance framework draft completed. Committee charter approved by Board. First formal biannual review scheduled: Jan 2025. Developing SOPs for model lifecycle management."
7,Reputation / Public Trust,Public Backlash over Biased Outcomes - Media exposure regulatory scrutiny or legal action related to discriminatory lending practices damages brand reputation customer trust and shareholder value. Consumer advocacy complaints.,M,H,Medium,"Develop and publish an annual AI Transparency and Fairness Report summarizing bias audits compliance findings and mitigation actions. Maintain proactive communication with regulators media and the public. Establish crisis communication plan.","1. Develop public-facing communication plan and AI fairness statement - METRIC: Fairness statement published on website and loan disclosures 100%; Statement updated annually 100%
2. Publish annual AI Transparency Report with bias audit results and mitigation efforts - METRIC: Annual transparency report publication 100% on-time (by March 31 each year); Report includes ≥5 key fairness metrics
3. Monitor media and social media sentiment - METRIC: Media incidents related to AI bias or discrimination = 0; Social media sentiment score regarding lending practices >70% positive
4. Track customer trust and satisfaction - METRIC: Customer trust score (survey-based) >4.0/5.0; Net Promoter Score (NPS) maintained or improved year-over-year
5. Crisis communication response time - METRIC: Media inquiries responded to within 24 hours 100%; Executive talking points prepared within 4 hours of incident",Public Relations & Legal,"Draft AI fairness statement approved by Board and Legal. Transparency report template under development. Target: First annual report March 2025. Current customer trust score: 4.2/5.0 (baseline)."
8,Monitoring & Reporting,Ineffective Continuous Monitoring of Risk Controls - Failure to detect issues (e.g. bias drift compliance gaps security incidents model degradation) in time due to inadequate monitoring infrastructure or infrequent reviews.,M,H,Medium,"Implement automated real-time monitoring dashboards to track key performance fairness and security metrics. Schedule monthly reviews by AI Risk Committee with documented follow-up on deviations. Establish escalation procedures for threshold breaches.","1. Deploy automated monitoring dashboard tracking KPIs fairness metrics and security events - METRIC: Dashboard uptime >99.5%; Real-time metric refresh <5 minutes; Dashboard covers 100% of critical metrics
2. Track approval rate disparities across demographics - METRIC: Approval disparity between protected/non-protected classes monitored daily; Disparity >10% triggers immediate review
3. Monitor model accuracy drift and data quality - METRIC: Accuracy drift >3% week-over-week triggers alert; Data quality score >95%; Missing data rate <2%
4. Monthly AI Risk Committee dashboard review with action tracking - METRIC: Monthly review completion 100%; Action items from reviews closed within 30 days >85%
5. Security and compliance incident tracking - METRIC: Security incidents logged and investigated within 4 hours 100%; Compliance violations = 0
6. Escalation SLA adherence - METRIC: Tier 1 issues reviewed weekly 100%; Tier 2 issues escalated within 24 hours 100%; Tier 3 critical issues escalated immediately 100%",Risk Management Lead,"Initial monitoring dashboard pilot launched Q4 2024. Current metrics tracked: approval disparity % (currently 8.2%) accuracy drift % (0.8% last week - within threshold) security incidents (0 in Oct). Full production dashboard target: Q1 2025."
9,Third-Party / Vendor,Third-Party Vendor Dependency and Supply Chain Risk - Heavy reliance on external credit bureaus (Experian TransUnion Equifax) income verification services (The Work Number) and cloud infrastructure providers creates single points of failure. Vendor outages data quality issues or contract disputes could disrupt loan processing.,M,H,Medium,"Establish vendor risk management program with contractual SLAs redundancy planning and regular vendor assessments. Maintain backup data sources and failover capabilities. Include AI-specific provisions in vendor contracts regarding data quality model inputs and liability.","1. Conduct annual vendor risk assessments for all critical AI data providers - METRIC: Vendor risk assessments completed 100% annually; Critical vendors scored on security compliance and reliability
2. Establish contractual SLAs with credit bureaus and verification services - METRIC: Vendor SLA compliance rate >99%; Data availability uptime >99.9%
3. Implement backup/redundant data sources for critical inputs - METRIC: Backup data source availability for credit and income verification 100%; Failover testing completed quarterly
4. Monitor vendor performance and data quality - METRIC: Vendor data accuracy rate >99%; Data latency <500ms for real-time integrations
5. Include AI-specific contract provisions - METRIC: AI liability and indemnification clauses in 100% of data vendor contracts; Annual contract review completion 100%",Vendor Management / Procurement,"Current vendor contracts under review for AI-specific provisions. Primary credit bureau SLA: 99.95% uptime (met). Backup income verification source identified (Truework). Target: Full redundancy plan by Q2 2025."
10,Security / Fraud,Adversarial Attacks and Synthetic Identity Fraud - Bad actors may attempt to manipulate AI model inputs through synthetic identities fabricated credit histories or adversarial data injection to fraudulently obtain loan approvals. AI system may be vulnerable to gaming or exploitation.,M,VH,High,"Implement robust fraud detection layer integrated with AI decisioning pipeline. Deploy adversarial testing and red team exercises to identify model vulnerabilities. Enhance identity verification with multi-factor authentication and behavioral analytics. Monitor for anomalous application patterns.","1. Integrate synthetic identity fraud detection tools into application pipeline - METRIC: Synthetic identity detection rate >95%; False positive rate <5%
2. Conduct annual adversarial testing / red team exercises on AI model - METRIC: Annual red team exercise completion 100%; Critical vulnerabilities identified and remediated within 30 days
3. Implement enhanced identity verification (document verification biometrics knowledge-based authentication) - METRIC: Identity verification pass rate >98%; Fraud cases linked to identity verification failures <0.1%
4. Monitor for anomalous application patterns and velocity attacks - METRIC: Anomaly detection alert response time <1 hour; Suspicious application clusters investigated within 24 hours 100%
5. Track fraud losses attributable to AI bypass - METRIC: Fraud losses from AI-approved loans <0.5% of portfolio; Year-over-year fraud loss reduction ≥10%",Fraud Prevention Team / Cybersecurity,"Synthetic identity fraud detection pilot launched Oct 2024. Current detection rate: 87% (below target). First adversarial testing scheduled Q1 2025. Enhanced ID verification (document + selfie) in development."
